{
  "1": {
    "k": 1,
    "a": [
      0.16180684157626335
    ],
    "c": [
      0.05497191872806755
    ],
    "worst_abs": 0.0015554894642963515,
    "worst_rel": 0.9999834739975774,
    "worst_abs_before": 0.056527408192363904,
    "monotone": true,
    "secs": 76.25101256370544
  },
  "2": {
    "k": 2,
    "a": [
      0.10278188587376057,
      0.22561851555623902
    ],
    "c": [
      0.020524874006557146,
      0.03587933927367543
    ],
    "worst_abs": 0.00012329502529904307,
    "worst_rel": 0.9802905832964856,
    "worst_abs_before": 0.056527408192363904,
    "monotone": true,
    "secs": 184.57822942733765
  },
  "3": {
    "k": 3,
    "a": [
      0.07431791663585399,
      0.15894309856376987,
      0.29702448058760766
    ],
    "c": [
      0.006510699904819919,
      0.03585336078723486,
      0.014150131004832546
    ],
    "worst_abs": 1.3311126662376993e-05,
    "worst_rel": 0.7209284073427196,
    "worst_abs_before": 0.056527408192363904,
    "monotone": true,
    "secs": 213.54180479049683
  },
  "4": {
    "k": 4,
    "a": [
      0.05811950733069807,
      0.1157049898892265,
      0.20393181054676926,
      0.377429125052559
    ],
    "c": [
      0.0021097157678018246,
      0.01832257166742695,
      0.03142051250706845,
      0.004672925387826937
    ],
    "worst_abs": 1.6945059645653848e-06,
    "worst_rel": 0.2509036759546959,
    "worst_abs_before": 0.056527408192363904,
    "monotone": true,
    "secs": 451.9466984272003
  },
  "5": {
    "k": 5,
    "a": [
      0.048022299684268355,
      0.08966847197511213,
      0.1575268950955646,
      0.25269833799550323,
      0.46308038291001324
    ],
    "c": [
      0.0007259888421020189,
      0.008549212559540824,
      0.027797922449103857,
      0.017919263003215287,
      0.0015350805062306677
    ],
    "worst_abs": 2.861033482205559e-07,
    "worst_rel": 0.02391456307076008,
    "worst_abs_before": 0.056527408192363904,
    "monotone": true,
    "secs": 521.7419509887695
  },
  "6": {
    "k": 6,
    "a": [
      0.038463552373569035,
      0.06758104114372791,
      0.11426211893895329,
      0.18463538950885428,
      0.2919490999275143,
      0.5190543532590512
    ],
    "c": [
      0.0001671659472925544,
      0.0029067073393762785,
      0.01415029008459939,
      0.028357455231404618,
      0.010203471635604774,
      0.0007422868190128688
    ],
    "worst_abs": 7.231512090966757e-08,
    "worst_rel": 0.003713248101916882,
    "worst_abs_before": 0.056527408192363904,
    "monotone": true,
    "secs": 597.2284240722656
  },
  "7": {
    "k": 7,
    "a": [
      0.03542384136595336,
      0.06007109960473745,
      0.09706214217566113,
      0.15266859041394007,
      0.2256658367607605,
      0.3568081537046595,
      0.6050466018137132
    ],
    "c": [
      8.87407502848809e-05,
      0.0016311331512695534,
      0.008477640602910938,
      0.021835139827490767,
      0.020122551951448395,
      0.004125214197620124,
      0.000246968963407258
    ],
    "worst_abs": 1.886981752796668e-08,
    "worst_rel": 0.0028328846614706546,
    "worst_abs_before": 0.056527408192363904,
    "monotone": true,
    "secs": 662.2289988994598
  }
}